text,label
I am absolutely furious about this situation,anger
This is completely unacceptable and infuriating,anger
I hate how incompetent they are being,anger
This delay has made me extremely angry,anger
I am so frustrated with the lack of response,anger
The service was terrible and it made me mad,anger
I feel irritated and annoyed by this whole thing,anger
This is the worst experience I have ever had,anger
I am livid about what just happened,anger
The response time is making me furious,anger
I feel devastated and so sad about this news,sadness
I am incredibly depressed after hearing that,sadness
This makes me feel very down and gloomy,sadness
I feel miserable and unhappy about the situation,sadness
The bad news made me very sad today,sadness
I feel let down and disappointed by their response,sadness
I am heartbroken about what happened,sadness
I feel so melancholy and blue right now,sadness
This has made me deeply unhappy and sad,sadness
I feel upset and sorrowful about the outcome,sadness
I am anxious and worried about tomorrow,fear
I feel scared and panicked about the deadline,fear
I am terrified of what might happen,fear
I feel nervous and anxious about the presentation,fear
I am afraid this plan will fail,fear
I feel concerned and worried about the future,fear
I am very nervous about the interview,fear
I feel anxious and uneasy about the situation,fear
I am scared and worried about my health,fear
I feel panic setting in about the deadline,fear
I am excited and thrilled about the news,joy
I feel incredibly happy and joyful today,joy
This is wonderful and makes me so pleased,joy
I am delighted by the good news,joy
I feel fantastic and full of joy,joy
This is amazing and makes me so happy,joy
I am overjoyed and ecstatic about this,joy
I feel blessed and very content right now,joy
This is fantastic and I am so happy,joy
I feel elated and thrilled with the result,joy
I am shocked and surprised by this result,surprise
I cannot believe what just happened,surprise
This is unexpected and shocking,surprise
I was not expecting this at all,surprise
This took me completely by surprise,surprise
I am astounded by this revelation,surprise
I feel astonished and amazed,surprise
This is quite surprising to hear,surprise
I did not expect this outcome,surprise
I am bewildered by this news,surprise
I completed the report and sent it to the team,neutral
The meeting was scheduled for next Tuesday,neutral
I received the email with the project details,neutral
The conference will be held in New York,neutral
I submitted the document on time,neutral
The temperature outside is around 72 degrees,neutral
I attended the meeting this morning,neutral
The project deadline is next Friday,neutral
I reviewed the contract thoroughly,neutral
The presentation slides have 15 pages,neutral
